path_id,x,y,z,r,g,b
1,3.136,0.163,0.000,1,0,0
1,3.137,0.161,0.000,1,0,0
2,3.140,0.159,0.000,1,0,0
2,3.138,0.162,0.000,1,0,0
2,3.139,0.160,0.000,1,0,0
2,3.132,0.157,0.000,1,0,0
3,3.134,0.160,0.000,1,0,0
3,3.135,0.157,0.000,1,0,0
3,3.138,0.159,0.000,1,0,0
3,3.137,0.159,0.000,1,0,0
3,3.135,0.158,0.000,1,0,0
4,3.139,0.155,0.000,1,0,0
4,3.162,0.166,0.000,1,0,0
4,3.222,0.173,0.000,1,0,0
4,3.291,0.194,0.000,1,0,0
4,3.136,0.257,0.000,1,0,0
4,3.136,0.255,0.000,1,0,0
4,3.153,0.263,0.000,1,0,0
4,3.185,0.271,0.000,1,0,0
4,3.207,0.272,0.000,1,0,0
5,3.321,0.224,0.000,1,0,0
5,3.512,0.315,0.000,1,0,0
5,3.599,0.369,0.000,1,0,0
5,3.619,0.392,0.000,1,0,0
5,3.747,0.471,0.000,1,0,0
5,3.769,0.483,0.000,1,0,0
5,3.892,0.565,0.000,1,0,0
5,3.950,0.591,0.000,1,0,0
5,3.873,0.562,0.000,1,0,0
6,3.878,0.563,0.000,1,0,0
6,3.878,0.562,0.000,1,0,0
6,3.885,0.565,0.000,1,0,0
6,3.878,0.566,0.000,1,0,0
6,3.876,0.565,0.000,1,0,0
6,3.872,0.563,0.000,1,0,0
6,3.874,0.564,0.000,1,0,0
6,3.873,0.563,0.000,1,0,0
6,3.916,0.591,0.000,1,0,0
7,4.023,0.662,0.000,1,0,0
7,4.063,0.692,0.000,1,0,0
7,4.243,0.795,0.000,1,0,0
7,4.373,0.874,0.000,1,0,0
7,4.491,0.992,0.000,1,0,0
7,4.592,1.098,0.000,1,0,0
7,4.560,1.067,0.000,1,0,0
7,4.612,1.135,0.000,1,0,0
7,4.629,1.154,0.000,1,0,0
8,4.737,1.261,0.000,1,0,0
8,4.719,1.237,0.000,1,0,0
8,4.698,1.213,0.000,1,0,0
8,4.696,1.212,0.000,1,0,0
8,4.691,1.214,0.000,1,0,0
8,4.690,1.214,0.000,1,0,0
8,4.693,1.216,0.000,1,0,0
9,-0.014,0.009,0.000,1,0,0
9,-0.012,0.008,0.000,1,0,0
9,3.383,0.116,0.000,1,0,0
9,3.385,0.118,0.000,1,0,0
9,3.386,0.115,0.000,1,0,0
9,3.389,0.115,0.000,1,0,0
9,3.333,0.112,0.000,1,0,0
9,3.336,0.110,0.000,1,0,0
9,3.332,0.113,0.000,1,0,0
10,3.335,0.109,0.000,1,0,0
10,3.323,0.105,0.000,1,0,0
10,3.322,0.108,0.000,1,0,0
10,3.326,0.107,0.000,1,0,0
10,3.323,0.111,0.000,1,0,0
10,3.333,0.107,0.000,1,0,0
10,3.325,0.107,0.000,1,0,0
10,3.324,0.107,0.000,1,0,0
10,3.327,0.109,0.000,1,0,0
11,3.333,0.108,0.000,1,0,0
11,3.400,0.121,0.000,1,0,0
11,3.586,0.173,0.000,1,0,0
11,3.745,0.222,0.000,1,0,0
11,3.919,0.358,0.000,1,0,0
11,4.110,0.497,0.000,1,0,0
11,4.259,0.650,0.000,1,0,0
11,4.424,0.786,0.000,1,0,0
11,4.589,0.922,0.000,1,0,0
12,4.731,1.086,0.000,1,0,0
12,4.840,1.288,0.000,1,0,0
12,4.938,1.504,0.000,1,0,0
12,5.035,1.719,0.000,1,0,0
12,5.123,1.938,0.000,1,0,0
12,5.214,2.147,0.000,1,0,0
12,5.338,2.390,0.000,1,0,0
12,5.419,2.608,0.000,1,0,0
13,5.555,2.748,0.000,1,0,0
13,5.770,2.803,0.000,1,0,0
13,5.974,2.776,0.000,1,0,0
13,6.159,2.686,0.000,1,0,0
13,6.346,2.670,0.000,1,0,0
13,6.388,2.684,0.000,1,0,0
13,6.391,2.684,0.000,1,0,0
13,6.386,2.682,0.000,1,0,0
13,6.373,2.654,0.000,1,0,0
14,6.431,2.668,0.000,1,0,0
14,6.612,2.702,0.000,1,0,0
14,6.818,2.753,0.000,1,0,0
14,6.981,2.797,0.000,1,0,0
14,7.060,2.832,0.000,1,0,0
14,6.604,2.767,0.000,1,0,0
14,5.189,2.141,0.000,1,0,0
14,5.241,2.300,0.000,1,0,0
15,3.506,0.307,0.000,1,0,0
15,3.465,0.447,0.000,1,0,0
15,3.255,0.332,0.000,1,0,0
16,3.255,0.332,0.000,1,0,0
16,3.272,0.336,0.000,1,0,0
16,3.413,0.368,0.000,1,0,0
16,3.588,0.393,0.000,1,0,0
16,3.760,0.399,0.000,1,0,0
16,3.919,0.492,0.000,1,0,0
16,4.055,0.566,0.000,1,0,0
17,4.171,0.710,0.000,1,0,0
17,4.243,0.861,0.000,1,0,0
17,4.315,1.053,0.000,1,0,0
17,4.375,1.220,0.000,1,0,0
17,4.444,1.390,0.000,1,0,0
17,4.489,1.566,0.000,1,0,0
17,4.519,1.751,0.000,1,0,0
17,4.515,1.945,0.000,1,0,0
18,4.515,2.143,0.000,1,1,0
18,4.474,2.312,0.000,1,1,0
18,4.399,2.502,0.000,1,1,0
18,4.311,2.680,0.000,1,1,0
18,4.183,2.812,0.000,1,1,0
18,4.016,2.908,0.000,1,1,0
18,3.783,2.930,0.000,1,1,0
18,3.601,2.980,0.000,1,1,0
19,3.438,3.050,0.000,1,1,0
19,3.261,3.115,0.000,1,1,0
19,3.077,3.088,0.000,1,1,0
19,2.877,3.025,0.000,1,1,0
19,2.809,3.006,0.000,1,1,0
20,2.809,3.006,0.000,1,1,0
20,2.778,2.991,0.000,1,1,0
20,2.626,2.916,0.000,1,1,0
20,2.472,2.825,0.000,1,1,0
20,2.350,2.693,0.000,1,1,0
20,2.234,2.567,0.000,1,1,0
20,2.133,2.420,0.000,1,1,0
20,2.041,2.255,0.000,1,1,0
21,1.982,2.097,0.000,1,1,0
21,1.943,1.978,0.000,1,1,0
21,1.949,1.920,0.000,1,1,0
21,1.947,1.863,0.000,1,1,0
21,1.944,1.794,0.000,1,1,0
21,1.937,1.638,0.000,1,1,0
21,1.945,1.504,0.000,1,1,0
21,1.941,1.320,0.000,1,1,0
22,1.935,1.173,0.000,1,1,0
22,1.920,1.015,0.000,1,1,0
22,1.917,0.830,0.000,1,1,0
22,1.864,0.676,0.000,1,1,0
22,1.748,0.482,0.000,1,1,0
22,1.603,0.335,0.000,1,1,0
22,1.439,0.240,0.000,1,1,0
22,1.397,0.245,0.000,1,1,0
23,1.397,0.245,0.000,1,1,0
23,1.341,0.212,0.000,1,1,0
23,1.185,0.122,0.000,1,1,0
23,1.023,0.052,0.000,1,1,0
23,0.857,-0.028,0.000,1,1,0
23,0.698,-0.114,0.000,1,1,0
24,0.529,-0.177,0.000,1,1,0
24,0.343,-0.214,0.000,1,1,0
24,0.140,-0.257,0.000,1,1,0
24,-0.081,-0.264,0.000,1,1,0
24,-0.287,-0.268,0.000,1,1,0
24,-0.492,-0.281,0.000,1,1,0
24,-0.693,-0.294,0.000,1,1,0
24,-0.920,-0.315,0.000,1,1,0
24,-1.162,-0.319,0.000,1,1,0
25,-1.390,-0.309,0.000,1,1,0
25,-1.646,-0.282,0.000,1,1,0
25,-1.887,-0.224,0.000,1,1,0
25,-2.117,-0.163,0.000,1,1,0
25,-2.346,-0.099,0.000,1,1,0
25,-2.596,-0.031,0.000,1,1,0
25,-2.848,0.169,0.000,1,1,0
25,-3.062,0.383,0.000,1,1,0
25,-3.182,0.530,0.000,1,1,0
26,-3.330,0.816,0.000,1,1,0
26,-3.412,1.071,0.000,1,1,0
26,-3.503,1.318,0.000,1,1,0
26,-3.564,1.568,0.000,1,1,0
26,-3.612,1.820,0.000,1,1,0
26,-3.650,2.063,0.000,1,1,0
26,-3.686,2.307,0.000,1,1,0
26,-3.713,2.567,0.000,1,1,0
27,-3.754,2.832,0.000,1,1,0
27,-3.758,3.048,0.000,1,1,0
27,-3.803,3.303,0.000,1,1,0
27,-3.896,3.526,0.000,1,1,0
27,-4.063,3.735,0.000,1,1,0
27,-4.183,3.930,0.000,1,1,0
27,-4.214,4.189,0.000,1,1,0
27,-4.277,4.454,0.000,1,1,0
28,-4.306,4.697,0.000,1,1,0
28,-4.329,5.007,0.000,1,1,0
28,-4.379,5.352,0.000,1,1,0
28,-4.425,5.674,0.000,1,1,0
28,-4.470,6.015,0.000,1,1,0
28,-4.521,6.333,0.000,1,1,0
28,-4.559,6.665,0.000,1,1,0
28,-4.599,6.935,0.000,1,1,0
29,-4.625,7.250,0.000,1,1,0
29,-4.661,7.490,0.000,1,1,0
29,-4.672,7.522,0.000,1,1,0
29,-4.654,7.579,0.000,1,1,0
29,-4.646,7.606,0.000,1,1,0
29,-4.586,7.668,0.000,1,1,0
29,-4.496,7.746,0.000,1,1,0
29,-4.349,7.860,0.000,1,1,0
29,-4.244,7.953,0.000,1,1,0
30,-4.068,8.088,0.000,1,1,0
30,-3.891,8.133,0.000,1,1,0
30,-3.672,8.119,0.000,1,1,0
30,-3.470,8.057,0.000,1,1,0
30,-3.330,7.944,0.000,1,1,0
30,-3.209,7.782,0.000,1,1,0
30,-3.169,7.624,0.000,1,1,0
30,-3.117,7.453,0.000,1,1,0
31,-3.078,7.284,0.000,1,1,0
31,-3.018,7.109,0.000,1,1,0
31,-2.966,6.931,0.000,1,1,0
31,-2.902,6.742,0.000,1,1,0
31,-2.863,6.503,0.000,1,1,0
31,-2.804,6.248,0.000,1,1,0
31,-2.768,5.975,0.000,1,1,0
31,-2.739,5.710,0.000,1,1,0
32,-2.726,5.437,0.000,1,1,0
32,-2.744,5.150,0.000,1,1,0
32,-2.742,4.892,0.000,1,1,0
32,-2.741,4.632,0.000,1,1,0
32,-2.679,4.410,0.000,1,1,0
32,-2.518,4.205,0.000,1,1,0
32,-2.333,4.035,0.000,1,1,0
32,-2.167,3.839,0.000,1,1,0
33,-2.047,3.629,0.000,1,1,0
33,-1.895,3.225,0.000,1,1,0
33,-1.856,3.158,0.000,1,1,0
33,-1.782,2.978,0.000,1,1,0
33,-1.667,2.765,0.000,1,1,0
33,-1.573,2.556,0.000,1,1,0
33,-1.452,2.330,0.000,1,1,0
33,-1.417,2.117,0.000,1,1,0
34,-1.333,1.881,0.000,1,1,0
34,-1.164,1.619,0.000,1,1,0
34,-0.929,1.346,0.000,1,1,0
34,-0.599,1.007,0.000,1,1,0
34,-0.521,0.746,0.000,1,1,0
34,-0.421,0.493,0.000,1,1,0
34,-0.243,0.290,0.000,1,1,0
34,-0.029,0.154,0.000,1,1,0
34,0.240,0.115,0.000,1,1,0
35,0.560,0.159,0.000,1,1,0
35,0.828,0.288,0.000,1,1,0
35,1.060,0.441,0.000,1,1,0
35,1.331,0.632,0.000,1,1,0
35,1.546,0.841,0.000,1,1,0
35,1.713,1.083,0.000,1,1,0
35,1.794,1.328,0.000,1,1,0
35,1.903,1.578,0.000,1,1,0
36,1.964,1.848,0.000,1,1,0
36,1.909,2.116,0.000,1,1,0
36,1.862,2.373,0.000,1,1,0
36,1.821,2.624,0.000,1,1,0
36,1.811,2.865,0.000,1,1,0
36,1.828,3.105,0.000,1,1,0
36,1.813,3.350,0.000,1,1,0
36,1.788,3.591,0.000,1,1,0
37,1.782,3.838,0.000,1,1,0
37,1.772,4.109,0.000,1,1,0
37,1.784,4.391,0.000,1,1,0
37,1.746,4.643,0.000,1,1,0
37,1.690,4.919,0.000,1,1,0
37,1.655,5.207,0.000,1,1,0
37,1.633,5.496,0.000,1,1,0
37,1.585,5.802,0.000,1,1,0
38,1.550,6.092,0.000,1,1,0
38,1.510,6.354,0.000,1,1,0
38,1.528,6.656,0.000,1,1,0
38,1.547,6.948,0.000,1,1,0
38,1.577,7.198,0.000,1,1,0
38,1.646,7.466,0.000,1,1,0
38,1.737,7.718,0.000,1,1,0
38,1.895,7.953,0.000,1,1,0
39,2.071,8.152,0.000,1,1,0
39,2.279,8.355,0.000,1,1,0
39,2.474,8.512,0.000,1,1,0
39,2.640,8.668,0.000,1,1,0
39,2.808,8.827,0.000,1,1,0
39,3.033,8.935,0.000,1,1,0
39,3.328,8.983,0.000,1,1,0
39,3.585,8.952,0.000,1,1,0
40,3.839,8.908,0.000,1,1,0
40,4.090,8.948,0.000,1,1,0
40,4.298,9.048,0.000,1,1,0
40,4.515,9.207,0.000,1,1,0
40,4.750,9.343,0.000,1,1,0
40,4.992,9.398,0.000,1,1,0
40,5.250,9.369,0.000,1,1,0
40,5.498,9.266,0.000,1,1,0
41,5.697,9.098,0.000,1,1,0
41,5.835,8.873,0.000,1,1,0
41,5.948,8.625,0.000,1,1,0
41,6.033,8.383,0.000,1,1,0
41,6.124,8.128,0.000,1,1,0
41,6.216,7.874,0.000,1,1,0
41,6.263,7.613,0.000,1,1,0
41,6.259,7.396,0.000,1,1,0
42,6.173,7.175,0.000,1,1,0
42,6.024,7.001,0.000,1,1,0
42,5.766,6.857,0.000,1,1,0
42,5.504,6.752,0.000,1,1,0
42,5.182,6.637,0.000,1,1,0
42,4.850,6.538,0.000,1,1,0
42,4.537,6.471,0.000,1,1,0
42,4.282,6.346,0.000,1,1,0
43,4.121,6.126,0.000,1,1,0
43,4.059,5.881,0.000,1,1,0
43,4.105,5.616,0.000,1,1,0
43,4.242,5.386,0.000,1,1,0
43,4.432,5.215,0.000,1,1,0
43,4.694,5.116,0.000,1,1,0
43,4.958,5.121,0.000,1,1,0
43,5.213,5.150,0.000,1,1,0
44,5.453,5.204,0.000,1,1,0
44,5.693,5.266,0.000,1,1,0
44,5.911,5.305,0.000,1,1,0
44,6.167,5.333,0.000,1,1,0
44,6.417,5.340,0.000,1,1,0
44,6.671,5.348,0.000,1,1,0
44,6.939,5.382,0.000,1,1,0
44,7.230,5.432,0.000,1,1,0
45,7.485,5.480,0.000,1,1,0
45,7.758,5.494,0.000,1,1,0
45,8.005,5.421,0.000,1,1,0
45,8.222,5.282,0.000,1,1,0
45,8.395,5.096,0.000,1,1,0
45,8.497,4.846,0.000,1,1,0
45,8.485,4.555,0.000,1,1,0
45,8.411,4.282,0.000,1,1,0
46,8.234,4.087,0.000,1,1,0
46,7.992,3.952,0.000,1,1,0
46,7.777,3.931,0.000,1,1,0
46,7.493,3.853,0.000,1,1,0
46,7.222,3.801,0.000,1,1,0
46,6.956,3.722,0.000,1,1,0
46,6.728,3.590,0.000,1,1,0
46,6.559,3.439,0.000,1,1,0
47,6.361,3.272,0.000,1,1,0
47,6.213,3.116,0.000,1,1,0
47,6.004,2.930,0.000,1,1,0
47,5.798,2.769,0.000,1,1,0
47,5.612,2.617,0.000,1,1,0
47,5.386,2.447,0.000,1,1,0
47,5.242,2.229,0.000,1,1,0
47,5.088,1.968,0.000,1,1,0
48,4.988,1.675,0.000,1,1,0
48,4.963,1.418,0.000,1,1,0
48,4.899,1.183,0.000,1,1,0
48,4.763,0.925,0.000,1,1,0
48,4.619,0.722,0.000,1,1,0
48,4.428,0.532,0.000,1,1,0
48,4.231,0.390,0.000,1,1,0
48,3.977,0.311,0.000,1,1,0
49,3.830,0.301,0.000,1,1,0
49,3.794,0.311,0.000,1,1,0
50,3.330,0.231,0.000,1,1,0
50,3.815,0.328,0.000,1,1,0
50,3.173,0.191,0.000,1,1,0
51,3.151,0.113,0.000,1,1,0
51,3.181,0.121,0.000,1,1,0
51,3.373,0.178,0.000,1,1,0
51,3.574,0.227,0.000,1,1,0
51,3.732,0.308,0.000,1,1,0
51,3.833,0.496,0.000,1,1,0
51,3.902,0.674,0.000,1,1,0
52,3.983,0.878,0.000,1,1,0
52,4.012,1.100,0.000,1,1,0
52,3.960,1.327,0.000,1,1,0
52,3.949,1.544,0.000,1,1,0
52,3.977,1.749,0.000,1,1,0
52,4.031,1.954,0.000,1,1,0
52,4.132,2.129,0.000,1,1,0
52,4.215,2.330,0.000,1,1,0
53,4.229,2.575,0.000,1,1,0
53,4.159,2.797,0.000,1,1,0
53,4.033,3.002,0.000,1,1,0
53,3.853,3.137,0.000,1,1,0
53,3.664,3.195,0.000,1,1,0
53,3.471,3.193,0.000,1,1,0
53,3.268,3.151,0.000,1,1,0
53,3.075,3.119,0.000,1,1,0
54,2.879,3.053,0.000,1,1,0
54,2.669,2.978,0.000,1,1,0
54,2.462,2.902,0.000,1,1,0
54,2.252,2.841,0.000,1,1,0
54,2.041,2.778,0.000,1,1,0
54,1.842,2.705,0.000,1,1,0
54,1.651,2.652,0.000,1,1,0
54,1.378,2.592,0.000,1,1,0
55,1.100,2.603,0.000,1,1,0
55,0.804,2.652,0.000,1,1,0
55,0.544,2.778,0.000,1,1,0
55,0.268,2.798,0.000,1,1,0
55,0.007,2.677,0.000,1,1,0
55,-0.229,2.530,0.000,1,1,0
55,-0.479,2.443,0.000,1,1,0
55,-0.743,2.372,0.000,1,1,0
56,-1.006,2.258,0.000,1,1,0
56,-1.282,2.214,0.000,1,1,0
56,-1.554,2.026,0.000,1,1,0
56,-1.820,1.797,0.000,1,1,0
56,-2.115,1.542,0.000,1,1,0
56,-2.421,1.499,0.000,1,1,0
56,-2.739,1.714,0.000,1,1,0
56,-2.906,1.982,0.000,1,1,0
57,-2.945,2.260,0.000,1,1,0
57,-2.702,2.462,0.000,1,1,0
57,-2.421,2.611,0.000,1,1,0
57,-2.148,2.765,0.000,1,1,0
57,-1.916,2.934,0.000,1,1,0
57,-1.810,3.176,0.000,1,1,0
57,-1.807,3.488,0.000,1,1,0
57,-1.778,3.777,0.000,1,1,0
58,-1.737,4.085,0.000,1,1,0
58,-1.678,4.367,0.000,1,1,0
58,-1.646,4.702,0.000,1,1,0
58,-1.697,5.050,0.000,1,1,0
58,-1.828,5.430,0.000,1,1,0
58,-1.997,5.905,0.000,1,1,0
58,-2.033,6.310,0.000,1,1,0
58,-2.030,6.729,0.000,1,1,0
59,-1.874,7.033,0.000,0,1,0
59,-1.735,7.354,0.000,0,1,0
59,-1.521,7.672,0.000,0,1,0
59,-1.242,7.882,0.000,0,1,0
59,-0.952,7.902,0.000,0,1,0
59,-0.534,7.716,0.000,0,1,0
59,-0.425,7.426,0.000,0,1,0
59,-0.092,7.166,0.000,0,1,0
60,0.088,6.926,0.000,0,1,0
60,0.355,6.731,0.000,0,1,0
60,0.713,6.471,0.000,0,1,0
60,0.678,6.202,0.000,0,1,0
60,0.744,5.803,0.000,0,1,0
60,0.656,5.491,0.000,0,1,0
60,0.624,5.189,0.000,0,1,0
60,0.867,4.806,0.000,0,1,0
61,0.952,4.539,0.000,0,1,0
61,1.282,4.202,0.000,0,1,0
61,1.573,4.047,0.000,0,1,0
61,1.850,4.088,0.000,0,1,0
61,2.072,4.269,0.000,0,1,0
61,2.283,4.471,0.000,0,1,0
61,2.557,4.672,0.000,0,1,0
61,2.829,4.852,0.000,0,1,0
61,3.094,5.025,0.000,0,1,0
62,3.366,5.189,0.000,0,1,0
62,3.647,5.307,0.000,0,1,0
62,3.981,5.336,0.000,0,1,0
62,4.304,5.255,0.000,0,1,0
62,4.532,5.094,0.000,0,1,0
62,4.859,4.903,0.000,0,1,0
62,5.166,4.723,0.000,0,1,0
62,5.459,4.489,0.000,0,1,0
62,5.778,4.287,0.000,0,1,0
63,6.103,4.082,0.000,0,1,0
63,6.422,3.851,0.000,0,1,0
63,6.756,3.653,0.000,0,1,0
63,7.062,3.428,0.000,0,1,0
63,7.437,3.276,0.000,0,1,0
63,7.827,3.221,0.000,0,1,0
63,8.207,3.223,0.000,0,1,0
63,8.573,3.299,0.000,0,1,0
64,8.921,3.393,0.000,0,1,0
64,9.275,3.590,0.000,0,1,0
64,9.529,3.848,0.000,0,1,0
64,9.705,4.134,0.000,0,1,0
64,9.770,4.477,0.000,0,1,0
64,9.741,4.845,0.000,0,1,0
64,9.752,5.198,0.000,0,1,0
64,9.807,5.583,0.000,0,1,0
65,9.808,5.976,0.000,0,1,0
65,9.824,6.380,0.000,0,1,0
65,9.793,6.769,0.000,0,1,0
65,9.602,7.157,0.000,0,1,0
65,9.374,7.474,0.000,0,1,0
65,9.056,7.806,0.000,0,1,0
65,8.807,7.986,0.000,0,1,0
65,8.794,8.097,0.000,0,1,0
66,8.713,8.177,0.000,0,1,0
66,8.630,8.103,0.000,0,1,0
66,8.605,7.921,0.000,0,1,0
66,8.572,7.711,0.000,0,1,0
66,8.446,7.503,0.000,0,1,0
66,8.218,7.318,0.000,0,1,0
66,7.896,7.234,0.000,0,1,0
66,7.628,7.361,0.000,0,1,0
67,7.419,7.642,0.000,0,1,0
67,7.117,7.834,0.000,0,1,0
67,6.784,7.950,0.000,0,1,0
67,6.538,8.205,0.000,0,1,0
67,6.443,8.433,0.000,0,1,0
67,6.364,8.712,0.000,0,1,0
67,6.315,9.014,0.000,0,1,0
67,6.416,9.219,0.000,0,1,0
68,6.613,9.489,0.000,0,1,0
68,6.488,9.818,0.000,0,1,0
68,6.152,9.933,0.000,0,1,0
68,6.029,10.229,0.000,0,1,0
68,6.419,10.402,0.000,0,1,0
68,6.954,10.534,0.000,0,1,0
68,7.002,10.523,0.000,0,1,0
68,7.015,10.512,0.000,0,1,0
69,6.793,10.403,0.000,0,1,0
69,6.513,10.366,0.000,0,1,0
69,6.329,10.216,0.000,0,1,0
69,6.293,10.017,0.000,0,1,0
69,6.020,9.887,0.000,0,1,0
69,5.683,9.870,0.000,0,1,0
69,5.382,9.732,0.000,0,1,0
69,5.164,9.628,0.000,0,1,0
70,5.032,9.590,0.000,0,1,0
70,4.796,9.563,0.000,0,1,0
70,4.575,9.699,0.000,0,1,0
70,4.322,9.791,0.000,0,1,0
70,4.063,9.847,0.000,0,1,0
70,3.702,9.791,0.000,0,1,0
70,3.398,9.784,0.000,0,1,0
70,3.132,9.695,0.000,0,1,0
71,2.873,9.460,0.000,0,1,0
71,2.736,9.045,0.000,0,1,0
71,2.912,8.696,0.000,0,1,0
71,3.170,8.514,0.000,0,1,0
71,3.540,8.451,0.000,0,1,0
71,3.880,8.436,0.000,0,1,0
71,4.181,8.381,0.000,0,1,0
71,4.467,8.260,0.000,0,1,0
72,4.813,8.074,0.000,0,1,0
72,5.157,7.931,0.000,0,1,0
72,5.484,7.755,0.000,0,1,0
72,5.770,7.522,0.000,0,1,0
72,6.032,7.280,0.000,0,1,0
72,6.254,7.021,0.000,0,1,0
72,6.571,6.849,0.000,0,1,0
72,6.884,6.632,0.000,0,1,0
73,7.130,6.371,0.000,0,1,0
73,7.106,6.034,0.000,0,1,0
73,6.853,5.720,0.000,0,1,0
73,6.504,5.511,0.000,0,1,0
73,6.261,5.186,0.000,0,1,0
73,6.086,4.798,0.000,0,1,0
73,6.269,4.464,0.000,0,1,0
73,6.655,4.303,0.000,0,1,0
74,7.112,4.271,0.000,0,1,0
74,7.573,4.213,0.000,0,1,0
74,7.899,3.980,0.000,0,1,0
74,7.962,3.576,0.000,0,1,0
74,7.775,3.191,0.000,0,1,0
74,7.380,2.934,0.000,0,1,0
74,6.969,2.872,0.000,0,1,0
74,6.508,2.965,0.000,0,1,0
75,6.165,3.096,0.000,0,1,0
75,5.748,3.227,0.000,0,1,0
75,5.177,3.170,0.000,0,1,0
75,4.723,3.070,0.000,0,1,0
75,4.167,3.109,0.000,0,1,0
75,3.703,3.313,0.000,0,1,0
75,3.639,3.758,0.000,0,1,0
75,3.904,4.140,0.000,0,1,0
76,4.257,4.450,0.000,0,1,0
76,4.420,4.876,0.000,0,1,0
76,4.235,5.312,0.000,0,1,0
76,3.795,5.604,0.000,0,1,0
76,3.371,5.559,0.000,0,1,0
76,2.983,5.504,0.000,0,1,0
76,2.594,5.544,0.000,0,1,0
76,2.189,5.633,0.000,0,1,0
77,1.817,5.783,0.000,0,1,0
77,1.418,5.851,0.000,0,1,0
77,1.052,5.597,0.000,0,1,0
77,0.679,5.433,0.000,0,1,0
77,0.261,5.358,0.000,0,1,0
77,-0.129,5.417,0.000,0,1,0
77,-0.508,5.569,0.000,0,1,0
77,-0.926,5.683,0.000,0,1,0
78,-1.334,5.641,0.000,0,1,0
78,-1.768,5.626,0.000,0,1,0
78,-2.266,5.802,0.000,0,1,0
78,-2.768,5.808,0.000,0,1,0
78,-3.298,5.659,0.000,0,1,0
78,-3.855,5.474,0.000,0,1,0
78,-4.303,5.393,0.000,0,1,0
78,-4.636,5.189,0.000,0,1,0
79,-4.706,5.137,0.000,0,1,0
79,-4.734,4.878,0.000,0,1,0
79,-4.689,4.466,0.000,0,1,0
79,-4.685,4.089,0.000,0,1,0
79,-4.511,3.772,0.000,0,1,0
79,-4.153,3.539,0.000,0,1,0
79,-3.848,3.411,0.000,0,1,0
79,-3.510,3.268,0.000,0,1,0
80,-3.151,3.126,0.000,0,1,0
80,-2.712,3.036,0.000,0,1,0
80,-2.256,3.065,0.000,0,1,0
80,-1.829,3.169,0.000,0,1,0
80,-1.398,3.241,0.000,0,1,0
80,-0.968,3.257,0.000,0,1,0
80,-0.529,3.323,0.000,0,1,0
80,-0.109,3.275,0.000,0,1,0
81,0.221,3.404,0.000,0,1,0
81,0.268,3.805,0.000,0,1,0
81,0.142,4.171,0.000,0,1,0
81,0.046,4.507,0.000,0,1,0
81,0.110,5.029,0.000,0,1,0
81,0.219,5.571,0.000,0,1,0
81,0.177,6.284,0.000,0,1,0
81,0.070,6.913,0.000,0,1,0
81,-0.113,7.388,0.000,0,1,0
82,-0.125,7.884,0.000,0,1,0
82,0.110,8.254,0.000,0,1,0
82,0.514,8.408,0.000,0,1,0
82,0.915,8.406,0.000,0,1,0
82,1.330,8.363,0.000,0,1,0
82,1.644,8.558,0.000,0,1,0
82,1.637,8.789,0.000,0,1,0
82,1.640,8.680,0.000,0,1,0
82,1.643,8.564,0.000,0,1,0
83,1.708,8.646,0.000,0,1,0
83,1.857,8.871,0.000,0,1,0
83,1.949,9.113,0.000,0,1,0
83,1.985,9.364,0.000,0,1,0
83,2.188,9.460,0.000,0,1,0
83,2.269,9.227,0.000,0,1,0
83,2.094,9.075,0.000,0,1,0
83,1.972,8.860,0.000,0,1,0
84,1.984,8.610,0.000,0,1,0
84,2.068,8.320,0.000,0,1,0
84,2.163,7.992,0.000,0,1,0
84,2.280,7.677,0.000,0,1,0
84,2.555,7.457,0.000,0,1,0
84,2.911,7.566,0.000,0,1,0
84,3.173,7.788,0.000,0,1,0
84,3.467,7.789,0.000,0,1,0
85,3.781,7.676,0.000,0,1,0
85,4.105,7.700,0.000,0,1,0
85,4.494,7.770,0.000,0,1,0
85,4.828,7.629,0.000,0,1,0
85,4.956,7.321,0.000,0,1,0
85,5.206,7.006,0.000,0,1,0
85,5.600,6.792,0.000,0,1,0
85,6.097,6.624,0.000,0,1,0
86,6.690,6.598,0.000,0,1,0
86,7.270,6.672,0.000,0,1,0
86,7.875,6.769,0.000,0,1,0
86,8.427,6.820,0.000,0,1,0
86,8.897,6.692,0.000,0,1,0
86,9.355,6.389,0.000,0,1,0
86,9.689,6.005,0.000,0,1,0
86,9.632,5.502,0.000,0,1,0
86,9.190,5.226,0.000,0,1,0
87,8.677,5.194,0.000,0,1,0
87,8.198,4.969,0.000,0,1,0
87,7.865,4.591,0.000,0,1,0
87,7.406,4.298,0.000,0,1,0
87,6.923,4.038,0.000,0,1,0
87,6.451,3.833,0.000,0,1,0
87,5.978,3.720,0.000,0,1,0
87,5.574,3.371,0.000,0,1,0
88,5.665,2.899,0.000,0,1,0
88,5.790,2.399,0.000,0,1,0
88,5.807,1.862,0.000,0,1,0
88,5.809,1.319,0.000,0,1,0
88,5.843,0.805,0.000,0,1,0
88,5.926,0.578,0.000,0,1,0
88,5.960,0.449,0.000,0,1,0
88,5.850,0.336,0.000,0,1,0
89,5.577,0.193,0.000,0,1,0
89,5.252,0.103,0.000,0,1,0
89,4.888,0.064,0.000,0,1,0
89,4.565,-0.028,0.000,0,1,0
89,4.179,0.097,0.000,0,1,0
89,3.789,0.161,0.000,0,1,0
89,3.431,0.041,0.000,0,1,0
89,3.051,-0.071,0.000,0,1,0
90,2.622,-0.120,0.000,0,1,0
90,2.244,-0.167,0.000,0,1,0
90,1.928,-0.361,0.000,0,1,0
90,1.677,-0.630,0.000,0,1,0
90,1.282,-0.801,0.000,0,1,0
90,0.818,-0.830,0.000,0,1,0
90,0.331,-0.680,0.000,0,1,0
90,-0.107,-0.471,0.000,0,1,0
91,-0.548,-0.483,0.000,0,1,1
91,-0.896,-0.719,0.000,0,1,1
91,-1.261,-0.863,0.000,0,1,1
91,-1.739,-0.788,0.000,0,1,1
91,-2.159,-0.701,0.000,0,1,1
91,-2.551,-0.775,0.000,0,1,1
91,-2.754,-1.035,0.000,0,1,1
91,-3.035,-1.326,0.000,0,1,1
92,-3.491,-1.333,0.000,0,1,1
92,-3.835,-0.931,0.000,0,1,1
92,-3.986,-0.515,0.000,0,1,1
92,-4.028,-0.079,0.000,0,1,1
92,-4.121,0.337,0.000,0,1,1
92,-4.151,0.761,0.000,0,1,1
92,-4.279,1.196,0.000,0,1,1
92,-4.474,1.836,0.000,0,1,1
93,-4.517,2.524,0.000,0,1,1
93,-4.452,3.124,0.000,0,1,1
93,-4.367,3.711,0.000,0,1,1
93,-4.305,4.285,0.000,0,1,1
93,-3.866,4.798,0.000,0,1,1
93,-3.158,4.903,0.000,0,1,1
93,-2.553,4.897,0.000,0,1,1
93,-1.968,4.970,0.000,0,1,1
94,-1.613,4.878,0.000,0,1,1
94,-1.686,4.941,0.000,0,1,1
94,-1.508,4.645,0.000,0,1,1
94,-1.352,4.404,0.000,0,1,1
94,-0.901,3.895,0.000,0,1,1
94,-0.653,3.552,0.000,0,1,1
94,-0.639,3.833,0.000,0,1,1
94,-0.428,3.782,0.000,0,1,1
94,-0.800,3.394,0.000,0,1,1
95,-0.550,1.600,0.000,0,1,1
95,-0.449,1.434,0.000,0,1,1
95,-0.433,1.131,0.000,0,1,1
95,-0.365,0.740,0.000,0,1,1
95,-0.676,0.289,0.000,0,1,1
95,-1.105,0.103,0.000,0,1,1
95,-1.397,0.184,0.000,0,1,1
95,-1.751,0.231,0.000,0,1,1
96,-2.103,0.062,0.000,0,1,1
96,-2.480,-0.030,0.000,0,1,1
96,-2.693,0.415,0.000,0,1,1
96,-2.464,0.831,0.000,0,1,1
96,-2.424,1.222,0.000,0,1,1
96,-2.749,1.436,0.000,0,1,1
96,-3.095,1.313,0.000,0,1,1
96,-3.564,1.374,0.000,0,1,1
97,-3.312,1.750,0.000,0,1,1
97,-3.063,2.353,0.000,0,1,1
97,-3.368,2.673,0.000,0,1,1
97,-3.964,2.446,0.000,0,1,1
97,-4.528,2.328,0.000,0,1,1
97,-4.636,2.762,0.000,0,1,1
97,-4.147,3.280,0.000,0,1,1
97,-4.100,3.765,0.000,0,1,1
98,-4.598,4.084,0.000,0,1,1
98,-5.038,4.567,0.000,0,1,1
98,-5.316,5.204,0.000,0,1,1
98,-5.318,5.973,0.000,0,1,1
98,-5.623,6.516,0.000,0,1,1
98,-5.987,6.764,0.000,0,1,1
98,-5.897,6.939,0.000,0,1,1
98,-5.791,7.277,0.000,0,1,1
99,-5.510,7.545,0.000,0,1,1
99,-5.191,7.508,0.000,0,1,1
99,-4.962,7.235,0.000,0,1,1
99,-4.812,6.880,0.000,0,1,1
99,-4.625,6.484,0.000,0,1,1
99,-4.350,6.123,0.000,0,1,1
99,-4.032,5.827,0.000,0,1,1
99,-3.618,5.847,0.000,0,1,1
100,-3.524,6.267,0.000,0,1,1
100,-3.444,6.648,0.000,0,1,1
100,-3.252,7.090,0.000,0,1,1
100,-3.358,7.561,0.000,0,1,1
100,-3.140,8.013,0.000,0,1,1
100,-2.734,8.126,0.000,0,1,1
100,-2.451,7.861,0.000,0,1,1
100,-2.143,8.057,0.000,0,1,1
101,-2.212,8.398,0.000,0,1,1
101,-2.275,8.370,0.000,0,1,1
101,-2.143,8.408,0.000,0,1,1
101,-1.947,8.543,0.000,0,1,1
101,-1.527,8.335,0.000,0,1,1
101,-1.201,8.167,0.000,0,1,1
101,-0.910,8.038,0.000,0,1,1
101,-0.610,8.062,0.000,0,1,1
102,-0.195,7.990,0.000,0,1,1
102,0.190,7.659,0.000,0,1,1
102,0.420,7.277,0.000,0,1,1
102,0.745,7.021,0.000,0,1,1
102,1.112,6.972,0.000,0,1,1
102,1.422,6.803,0.000,0,1,1
102,1.526,6.376,0.000,0,1,1
102,1.864,6.278,0.000,0,1,1
103,2.216,6.432,0.000,0,1,1
103,2.589,6.450,0.000,0,1,1
103,3.007,6.475,0.000,0,1,1
103,3.378,6.550,0.000,0,1,1
103,3.726,6.602,0.000,0,1,1
103,4.044,6.786,0.000,0,1,1
103,4.393,6.835,0.000,0,1,1
103,4.575,6.549,0.000,0,1,1
103,4.751,6.244,0.000,0,1,1
104,5.003,6.003,0.000,0,1,1
104,5.288,5.768,0.000,0,1,1
104,5.474,5.409,0.000,0,1,1
104,5.445,4.870,0.000,0,1,1
104,5.283,4.421,0.000,0,1,1
104,5.128,3.965,0.000,0,1,1
104,5.154,3.534,0.000,0,1,1
104,5.435,3.235,0.000,0,1,1
105,5.461,2.809,0.000,0,1,1
105,5.228,2.458,0.000,0,1,1
105,4.833,2.379,0.000,0,1,1
105,4.425,2.528,0.000,0,1,1
105,3.992,2.599,0.000,0,1,1
105,3.567,2.499,0.000,0,1,1
105,3.152,2.469,0.000,0,1,1
105,2.767,2.582,0.000,0,1,1
106,2.419,2.499,0.000,0,1,1
106,2.312,2.180,0.000,0,1,1
106,1.918,2.221,0.000,0,1,1
106,1.559,2.261,0.000,0,1,1
106,1.190,2.247,0.000,0,1,1
106,0.805,2.297,0.000,0,1,1
106,0.477,2.471,0.000,0,1,1
106,0.156,2.516,0.000,0,1,1
107,-0.174,2.418,0.000,0,1,1
107,-0.532,2.243,0.000,0,1,1
107,-0.960,2.081,0.000,0,1,1
107,-1.346,1.868,0.000,0,1,1
107,-1.769,1.627,0.000,0,1,1
107,-2.171,1.440,0.000,0,1,1
107,-2.139,1.481,0.000,0,1,1
107,-2.140,1.481,0.000,0,1,1
108,-2.224,1.404,0.000,0,1,1
108,-2.321,1.231,0.000,0,1,1
108,-2.418,0.930,0.000,0,1,1
108,-2.473,0.613,0.000,0,1,1
108,-2.782,0.461,0.000,0,1,1
108,-3.165,0.522,0.000,0,1,1
108,-3.557,0.608,0.000,0,1,1
108,-3.731,0.527,0.000,0,1,1
109,-3.667,0.449,0.000,0,1,1
109,-3.593,0.561,0.000,0,1,1
109,-3.279,0.452,0.000,0,1,1
109,-3.059,0.226,0.000,0,1,1
109,-3.066,-0.119,0.000,0,1,1
109,-3.182,-0.403,0.000,0,1,1
109,-3.116,-0.754,0.000,0,1,1
109,-3.158,-0.680,0.000,0,1,1
110,-3.105,-0.719,0.000,0,1,1
110,-2.981,-0.570,0.000,0,1,1
110,-2.721,-0.513,0.000,0,1,1
110,-2.449,-0.621,0.000,0,1,1
110,-2.177,-0.738,0.000,0,1,1
110,-1.923,-0.885,0.000,0,1,1
110,-1.701,-1.036,0.000,0,1,1
110,-1.479,-1.150,0.000,0,1,1
110,-1.231,-1.291,0.000,0,1,1
111,-0.996,-1.305,0.000,0,1,1
111,-0.833,-1.281,0.000,0,1,1
112,-0.833,-1.281,0.000,0,1,1
113,-0.833,-1.281,0.000,0,1,1
114,2.996,0.183,0.000,0,1,1
115,2.996,0.183,0.000,0,1,1
115,3.058,0.205,0.000,0,1,1
115,3.316,0.300,0.000,0,1,1
116,3.593,0.364,0.000,0,1,1
116,3.811,0.465,0.000,0,1,1
116,4.030,0.644,0.000,0,1,1
116,4.221,0.828,0.000,0,1,1
116,4.409,0.988,0.000,0,1,1
116,4.622,1.157,0.000,0,1,1
116,4.819,1.320,0.000,0,1,1
116,5.046,1.496,0.000,0,1,1
117,5.225,1.709,0.000,0,1,1
117,5.355,1.956,0.000,0,1,1
117,5.489,2.239,0.000,0,1,1
117,5.624,2.504,0.000,0,1,1
117,5.838,2.739,0.000,0,1,1
117,6.125,2.946,0.000,0,1,1
117,6.439,3.113,0.000,0,1,1
117,6.741,3.316,0.000,0,1,1
117,7.026,3.532,0.000,0,1,1
118,7.349,3.744,0.000,0,1,1
118,7.719,3.942,0.000,0,1,1
118,8.029,4.141,0.000,0,1,1
118,8.142,4.216,0.000,0,1,1
118,8.143,4.216,0.000,0,1,1
119,3.191,0.252,0.000,0,1,1
119,3.216,0.248,0.000,0,1,1
119,3.319,0.275,0.000,0,1,1
120,3.578,0.344,0.000,0,1,1
120,3.847,0.409,0.000,0,1,1
120,3.994,0.541,0.000,0,1,1
120,4.050,0.777,0.000,0,1,1
120,4.169,1.032,0.000,0,1,1
120,4.338,1.249,0.000,0,1,1
120,4.558,1.335,0.000,0,1,1
120,4.809,1.421,0.000,0,1,1
120,5.075,1.622,0.000,0,1,1
121,5.220,1.951,0.000,0,1,1
121,5.285,2.251,0.000,0,1,1
121,5.467,2.506,0.000,0,1,1
121,5.731,2.717,0.000,0,1,1
121,5.969,2.931,0.000,0,1,1
121,6.170,3.191,0.000,0,1,1
121,6.382,3.442,0.000,0,1,1
121,6.640,3.622,0.000,0,1,1
122,6.984,3.753,0.000,0,1,1
122,7.299,3.872,0.000,0,1,1
122,7.640,3.988,0.000,0,1,1
122,7.964,4.094,0.000,0,1,1
122,8.271,4.228,0.000,0,1,1
122,8.530,4.462,0.000,0,1,1
122,8.564,4.781,0.000,0,1,1
122,8.375,5.040,0.000,0,1,1
123,8.121,5.257,0.000,0,1,1
123,7.855,5.449,0.000,0,1,1
123,7.597,5.628,0.000,0,1,1
123,7.271,5.701,0.000,0,1,1
123,6.958,5.712,0.000,0,1,1
123,6.647,5.762,0.000,0,1,1
123,6.301,5.738,0.000,0,1,1
123,5.944,5.748,0.000,0,1,1
124,5.585,5.812,0.000,0,1,1
124,5.196,5.859,0.000,0,1,1
124,4.770,5.907,0.000,0,1,1
124,4.320,5.941,0.000,0,1,1
124,3.779,5.803,0.000,0,1,1
124,3.362,5.811,0.000,0,1,1
124,3.008,5.852,0.000,0,1,1
124,2.658,5.884,0.000,0,1,1
124,2.311,5.936,0.000,0,1,1
125,1.964,6.063,0.000,0,1,1
125,1.712,6.300,0.000,0,1,1
125,1.470,6.610,0.000,0,1,1
125,1.262,6.954,0.000,0,1,1
125,1.220,7.350,0.000,0,1,1
125,1.333,7.751,0.000,0,1,1
125,1.549,8.049,0.000,0,1,1
125,1.909,8.170,0.000,0,1,1
126,2.311,8.191,0.000,0,1,1
126,2.671,8.250,0.000,0,1,1
126,2.986,8.439,0.000,0,1,1
126,3.185,8.730,0.000,0,1,1
126,3.113,9.082,0.000,0,1,1
126,2.897,9.392,0.000,0,1,1
126,2.572,9.424,0.000,0,1,1
126,2.364,9.181,0.000,0,1,1
126,2.448,8.838,0.000,0,1,1
127,2.819,8.716,0.000,0,1,1
127,3.211,8.821,0.000,0,1,1
127,3.559,9.020,0.000,0,1,1
127,3.849,9.245,0.000,0,1,1
127,3.964,9.617,0.000,0,1,1
127,3.911,10.027,0.000,0,1,1
127,3.452,10.097,0.000,0,1,1
127,3.405,10.033,0.000,0,1,1
128,3.333,9.708,0.000,0,1,1
128,3.369,9.356,0.000,0,1,1
128,3.585,9.112,0.000,0,1,1
128,3.918,8.975,0.000,0,1,1
128,4.286,8.873,0.000,0,1,1
128,4.665,8.760,0.000,0,1,1
128,5.027,8.818,0.000,0,1,1
128,5.198,9.095,0.000,0,1,1
129,5.167,9.443,0.000,0,1,1
129,4.928,9.719,0.000,0,1,1
129,4.541,9.832,0.000,0,1,1
129,4.188,9.766,0.000,0,1,1
129,3.917,9.549,0.000,0,1,1
129,3.864,9.240,0.000,0,1,1
129,4.035,8.900,0.000,0,1,1
129,4.391,8.711,0.000,0,1,1
129,4.727,8.855,0.000,0,1,1
130,4.674,9.214,0.000,0,1,1
130,4.717,9.593,0.000,0,1,1
130,4.907,9.950,0.000,0,1,1
130,5.292,10.177,0.000,0,1,1
130,5.691,10.203,0.000,0,1,1
130,6.036,10.021,0.000,0,1,1
130,6.217,9.620,0.000,0,1,1
130,6.128,9.069,0.000,0,1,1
131,5.687,8.682,0.000,0,1,1
131,5.454,8.204,0.000,0,1,1
131,5.796,7.919,0.000,0,1,1
131,6.187,8.200,0.000,0,1,1
131,6.263,8.676,0.000,0,1,1
131,5.858,8.907,0.000,0,1,1
131,5.532,8.567,0.000,0,1,1
131,5.735,8.143,0.000,0,1,1
131,6.245,8.094,0.000,0,1,1
132,6.801,8.019,0.000,0,1,1
132,7.257,7.684,0.000,0,1,1
132,7.675,7.389,0.000,0,1,1
132,8.061,7.739,0.000,0,1,1
132,8.405,8.068,0.000,0,1,1
132,8.923,7.991,0.000,0,1,1
132,9.371,7.511,0.000,0,1,1
132,9.499,6.911,0.000,0,1,1
132,9.277,6.408,0.000,0,1,1
133,8.839,6.117,0.000,0,0,1
133,8.290,6.095,0.000,0,0,1
133,7.897,6.502,0.000,0,0,1
133,7.936,7.139,0.000,0,0,1
133,8.352,7.604,0.000,0,0,1
133,8.931,7.679,0.000,0,0,1
133,9.219,7.517,0.000,0,0,1
133,9.557,6.911,0.000,0,0,1
133,9.811,6.431,0.000,0,0,1
134,9.982,5.889,0.000,0,0,1
134,9.728,5.322,0.000,0,0,1
134,9.259,4.981,0.000,0,0,1
134,8.713,4.960,0.000,0,0,1
134,8.310,5.370,0.000,0,0,1
134,8.265,5.948,0.000,0,0,1
134,8.573,6.414,0.000,0,0,1
134,9.114,6.590,0.000,0,0,1
134,9.611,6.377,0.000,0,0,1
135,9.906,5.916,0.000,0,0,1
135,9.894,5.392,0.000,0,0,1
135,9.726,4.828,0.000,0,0,1
135,9.608,4.231,0.000,0,0,1
135,9.377,3.652,0.000,0,0,1
135,9.025,3.274,0.000,0,0,1
135,8.450,3.220,0.000,0,0,1
135,7.941,3.532,0.000,0,0,1
135,7.818,4.118,0.000,0,0,1
136,8.241,4.443,0.000,0,0,1
136,8.646,4.170,0.000,0,0,1
136,8.670,3.611,0.000,0,0,1
136,7.847,3.340,0.000,0,0,1
136,7.719,3.429,0.000,0,0,1
136,7.563,3.960,0.000,0,0,1
136,8.003,4.269,0.000,0,0,1
136,8.471,4.626,0.000,0,0,1
136,8.600,5.115,0.000,0,0,1
137,8.191,5.469,0.000,0,0,1
137,7.670,5.271,0.000,0,0,1
137,7.694,4.772,0.000,0,0,1
137,8.121,4.465,0.000,0,0,1
137,8.651,4.556,0.000,0,0,1
137,8.804,5.031,0.000,0,0,1
137,8.413,5.445,0.000,0,0,1
137,7.837,5.459,0.000,0,0,1
138,7.271,5.374,0.000,0,0,1
138,6.783,5.576,0.000,0,0,1
138,6.490,6.112,0.000,0,0,1
138,6.629,6.802,0.000,0,0,1
138,7.218,7.314,0.000,0,0,1
138,7.762,7.341,0.000,0,0,1
138,8.115,6.969,0.000,0,0,1
138,8.097,6.371,0.000,0,0,1
138,7.695,5.873,0.000,0,0,1
139,7.191,5.616,0.000,0,0,1
139,6.697,5.769,0.000,0,0,1
139,6.223,6.161,0.000,0,0,1
139,5.743,6.398,0.000,0,0,1
139,5.214,6.430,0.000,0,0,1
139,4.503,5.935,0.000,0,0,1
139,4.514,5.781,0.000,0,0,1
139,4.808,5.311,0.000,0,0,1
140,5.354,5.143,0.000,0,0,1
140,5.832,5.219,0.000,0,0,1
140,6.170,5.603,0.000,0,0,1
140,6.108,6.149,0.000,0,0,1
140,5.745,6.574,0.000,0,0,1
140,5.184,6.663,0.000,0,0,1
140,4.610,6.405,0.000,0,0,1
140,4.312,5.923,0.000,0,0,1
141,4.530,5.397,0.000,0,0,1
141,5.007,5.092,0.000,0,0,1
141,5.577,4.905,0.000,0,0,1
141,5.954,4.430,0.000,0,0,1
141,6.029,3.804,0.000,0,0,1
141,5.710,3.403,0.000,0,0,1
141,5.193,3.521,0.000,0,0,1
141,5.030,4.030,0.000,0,0,1
141,5.355,4.488,0.000,0,0,1
142,5.853,4.387,0.000,0,0,1
142,6.242,3.951,0.000,0,0,1
142,6.739,3.578,0.000,0,0,1
142,7.207,3.815,0.000,0,0,1
142,7.123,4.320,0.000,0,0,1
142,6.655,4.476,0.000,0,0,1
142,6.204,4.266,0.000,0,0,1
142,6.194,3.782,0.000,0,0,1
142,6.206,3.216,0.000,0,0,1
143,5.737,2.882,0.000,0,0,1
143,5.089,2.928,0.000,0,0,1
143,4.581,3.355,0.000,0,0,1
143,4.676,3.860,0.000,0,0,1
143,4.893,4.393,0.000,0,0,1
143,4.720,4.906,0.000,0,0,1
143,4.265,5.220,0.000,0,0,1
143,3.788,5.606,0.000,0,0,1
144,3.267,5.889,0.000,0,0,1
144,2.842,5.719,0.000,0,0,1
144,2.880,5.212,0.000,0,0,1
144,3.297,4.878,0.000,0,0,1
144,3.876,4.841,0.000,0,0,1
144,4.259,4.447,0.000,0,0,1
144,4.216,3.839,0.000,0,0,1
144,3.875,3.334,0.000,0,0,1
144,3.335,2.991,0.000,0,0,1
145,2.705,3.087,0.000,0,0,1
145,2.349,3.501,0.000,0,0,1
145,2.367,4.108,0.000,0,0,1
145,2.779,4.606,0.000,0,0,1
145,3.379,4.735,0.000,0,0,1
145,3.863,4.435,0.000,0,0,1
145,4.039,3.816,0.000,0,0,1
145,4.075,3.220,0.000,0,0,1
146,3.819,2.683,0.000,0,0,1
146,3.232,2.589,0.000,0,0,1
146,2.851,3.024,0.000,0,0,1
146,2.784,3.562,0.000,0,0,1
146,3.176,3.922,0.000,0,0,1
146,3.707,4.200,0.000,0,0,1
146,3.901,4.710,0.000,0,0,1
146,3.635,5.266,0.000,0,0,1
146,3.209,5.676,0.000,0,0,1
147,2.665,5.843,0.000,0,0,1
147,2.158,5.848,0.000,0,0,1
147,1.741,5.506,0.000,0,0,1
147,1.652,4.954,0.000,0,0,1
147,1.931,4.428,0.000,0,0,1
147,2.423,4.138,0.000,0,0,1
147,2.982,4.198,0.000,0,0,1
147,3.276,4.631,0.000,0,0,1
147,3.211,5.203,0.000,0,0,1
148,2.885,5.651,0.000,0,0,1
148,2.369,5.836,0.000,0,0,1
148,1.871,5.884,0.000,0,0,1
148,1.443,6.168,0.000,0,0,1
148,1.384,6.701,0.000,0,0,1
148,1.265,7.279,0.000,0,0,1
148,0.828,7.463,0.000,0,0,1
148,0.833,7.462,0.000,0,0,1
149,0.833,7.462,0.000,0,0,1
149,0.575,7.443,0.000,0,0,1
149,0.185,7.412,0.000,0,0,1
149,-0.137,7.360,0.000,0,0,1
149,-0.510,7.353,0.000,0,0,1
149,-0.881,7.340,0.000,0,0,1
149,-1.224,7.259,0.000,0,0,1
149,-1.607,7.246,0.000,0,0,1
150,-1.948,7.399,0.000,0,0,1
150,-2.208,7.670,0.000,0,0,1
150,-2.323,7.992,0.000,0,0,1
150,-2.687,8.091,0.000,0,0,1
150,-3.030,7.885,0.000,0,0,1
150,-3.097,7.856,0.000,0,0,1
150,-3.231,7.726,0.000,0,0,1
150,-3.326,7.456,0.000,0,0,1
151,-3.351,7.457,0.000,0,0,1
151,-3.290,7.410,0.000,0,0,1
151,-3.102,7.197,0.000,0,0,1
151,-2.875,7.056,0.000,0,0,1
151,-2.743,7.149,0.000,0,0,1
151,-2.511,7.403,0.000,0,0,1
151,-2.215,7.638,0.000,0,0,1
151,-1.919,7.816,0.000,0,0,1
152,-1.660,8.057,0.000,0,0,1
152,-1.363,8.102,0.000,0,0,1
152,-1.004,8.095,0.000,0,0,1
152,-0.671,7.907,0.000,0,0,1
152,-0.332,7.794,0.000,0,0,1
152,0.058,7.712,0.000,0,0,1
152,0.434,7.423,0.000,0,0,1
152,0.690,6.641,0.000,0,0,1
152,0.513,6.207,0.000,0,0,1
153,0.175,5.966,0.000,0,0,1
153,-0.152,5.818,0.000,0,0,1
153,-0.482,5.653,0.000,0,0,1
153,-0.865,5.535,0.000,0,0,1
153,-1.295,5.430,0.000,0,0,1
153,-1.683,5.407,0.000,0,0,1
153,-2.166,5.485,0.000,0,0,1
153,-2.684,5.715,0.000,0,0,1
154,-3.090,5.987,0.000,0,0,1
154,-3.320,6.229,0.000,0,0,1
154,-3.321,6.259,0.000,0,0,1
154,-3.339,6.380,0.000,0,0,1
154,-3.294,6.568,0.000,0,0,1
154,-3.227,6.818,0.000,0,0,1
154,-3.223,7.114,0.000,0,0,1
154,-3.358,7.429,0.000,0,0,1
155,-3.554,7.673,0.000,0,0,1
155,-3.804,7.845,0.000,0,0,1
155,-4.077,7.948,0.000,0,0,1
155,-4.306,7.949,0.000,0,0,1
155,-4.461,7.833,0.000,0,0,1
155,-4.508,7.649,0.000,0,0,1
155,-4.484,7.347,0.000,0,0,1
155,-4.447,7.060,0.000,0,0,1
156,-4.402,6.755,0.000,0,0,1
156,-4.394,6.435,0.000,0,0,1
156,-4.389,6.112,0.000,0,0,1
156,-4.361,5.780,0.000,0,0,1
156,-4.336,5.482,0.000,0,0,1
156,-4.312,5.174,0.000,0,0,1
156,-4.295,4.860,0.000,0,0,1
156,-4.255,4.534,0.000,0,0,1
157,-4.228,4.205,0.000,0,0,1
157,-4.146,3.851,0.000,0,0,1
157,-4.098,3.517,0.000,0,0,1
157,-4.009,3.160,0.000,0,0,1
157,-3.967,2.761,0.000,0,0,1
157,-3.872,2.413,0.000,0,0,1
157,-3.762,2.061,0.000,0,0,1
157,-3.628,1.667,0.000,0,0,1
158,-3.552,1.270,0.000,0,0,1
158,-3.497,0.885,0.000,0,0,1
158,-3.427,0.515,0.000,0,0,1
158,-3.352,0.136,0.000,0,0,1
158,-3.353,0.082,0.000,0,0,1
158,-3.309,-0.021,0.000,0,0,1
158,-3.091,-0.132,0.000,0,0,1
158,-2.864,-0.218,0.000,0,0,1
159,-2.574,-0.279,0.000,0,0,1
159,-2.217,-0.366,0.000,0,0,1
159,-1.884,-0.277,0.000,0,0,1
159,-1.646,0.026,0.000,0,0,1
159,-1.654,0.395,0.000,0,0,1
159,-1.715,0.779,0.000,0,0,1
159,-1.729,1.165,0.000,0,0,1
159,-1.743,1.506,0.000,0,0,1
160,-1.809,1.826,0.000,0,0,1
160,-1.904,2.100,0.000,0,0,1
160,-2.007,2.412,0.000,0,0,1
160,-2.072,2.736,0.000,0,0,1
160,-2.183,3.061,0.000,0,0,1
160,-2.243,3.344,0.000,0,0,1
160,-2.342,3.707,0.000,0,0,1
160,-2.410,4.035,0.000,0,0,1
161,-2.524,4.386,0.000,0,0,1
161,-2.550,4.461,0.000,0,0,1
161,-2.575,4.522,0.000,0,0,1
161,-2.667,4.797,0.000,0,0,1
162,-2.730,5.125,0.000,0,0,1
162,-2.680,5.285,0.000,0,0,1
162,-2.700,5.175,0.000,0,0,1
162,-2.715,5.091,0.000,0,0,1
162,-2.731,5.182,0.000,0,0,1
162,-2.683,5.314,0.000,0,0,1
162,-2.478,5.396,0.000,0,0,1
162,-2.286,5.512,0.000,0,0,1
163,-2.083,5.556,0.000,0,0,1
163,-1.958,5.468,0.000,0,0,1
163,-2.039,5.322,0.000,0,0,1
163,-2.190,5.355,0.000,0,0,1
163,-2.410,5.379,0.000,0,0,1
163,-2.637,5.403,0.000,0,0,1
163,-2.906,5.343,0.000,0,0,1
163,-3.200,5.360,0.000,0,0,1
164,-3.471,5.406,0.000,0,0,1
164,-3.597,5.286,0.000,0,0,1
164,-3.677,4.911,0.000,0,0,1
164,-3.649,4.561,0.000,0,0,1
164,-3.690,4.207,0.000,0,0,1
164,-3.656,3.868,0.000,0,0,1
164,-3.526,3.504,0.000,0,0,1
164,-3.293,3.209,0.000,0,0,1
165,-3.021,3.036,0.000,1,0,1
165,-2.641,3.029,0.000,1,0,1
165,-2.300,3.158,0.000,1,0,1
165,-2.014,3.358,0.000,1,0,1
165,-1.725,3.511,0.000,1,0,1
165,-1.421,3.526,0.000,1,0,1
165,-1.083,3.468,0.000,1,0,1
165,-0.761,3.389,0.000,1,0,1
166,-0.432,3.207,0.000,1,0,1
166,-0.095,3.018,0.000,1,0,1
166,0.271,2.924,0.000,1,0,1
166,0.509,2.794,0.000,1,0,1
166,0.852,2.839,0.000,1,0,1
166,1.033,2.740,0.000,1,0,1
166,1.086,2.854,0.000,1,0,1
166,1.042,3.248,0.000,1,0,1
166,1.061,3.525,0.000,1,0,1
167,1.110,3.748,0.000,1,0,1
167,1.015,4.579,0.000,1,0,1
167,0.653,5.884,0.000,1,0,1
167,0.334,5.779,0.000,1,0,1
167,0.174,5.505,0.000,1,0,1
167,0.095,5.160,0.000,1,0,1
167,0.054,4.842,0.000,1,0,1
167,-0.021,4.497,0.000,1,0,1
168,-0.088,4.151,0.000,1,0,1
168,-0.194,3.847,0.000,1,0,1
168,-0.309,3.531,0.000,1,0,1
168,-0.457,3.276,0.000,1,0,1
168,-0.718,3.071,0.000,1,0,1
168,-1.006,2.908,0.000,1,0,1
168,-1.288,2.689,0.000,1,0,1
168,-1.614,2.434,0.000,1,0,1
169,-1.744,2.046,0.000,1,0,1
169,-1.659,1.741,0.000,1,0,1
169,-2.978,2.000,0.000,1,0,1
169,-2.680,1.712,0.000,1,0,1
169,-2.338,1.685,0.000,1,0,1
169,-1.977,1.726,0.000,1,0,1
169,-1.619,1.680,0.000,1,0,1
169,-1.275,1.670,0.000,1,0,1
169,-0.926,1.762,0.000,1,0,1
170,-0.586,1.839,0.000,1,0,1
170,-0.267,1.936,0.000,1,0,1
170,0.051,2.074,0.000,1,0,1
170,0.453,2.345,0.000,1,0,1
170,0.743,2.315,0.000,1,0,1
170,1.021,2.376,0.000,1,0,1
170,1.391,2.397,0.000,1,0,1
170,1.824,2.111,0.000,1,0,1
170,1.984,1.743,0.000,1,0,1
171,2.044,1.748,0.000,1,0,1
171,2.065,1.421,0.000,1,0,1
171,2.103,1.122,0.000,1,0,1
171,2.199,0.802,0.000,1,0,1
171,2.260,0.456,0.000,1,0,1
171,2.233,0.098,0.000,1,0,1
171,2.070,-0.247,0.000,1,0,1
171,1.767,-0.446,0.000,1,0,1
171,1.429,-0.389,0.000,1,0,1
172,1.165,-0.154,0.000,1,0,1
172,1.071,0.199,0.000,1,0,1
172,1.209,0.546,0.000,1,0,1
172,1.496,0.726,0.000,1,0,1
172,1.818,0.638,0.000,1,0,1
172,2.077,0.364,0.000,1,0,1
172,2.104,-0.010,0.000,1,0,1
173,1.171,0.042,0.000,1,0,1
173,1.216,0.470,0.000,1,0,1
173,1.479,0.781,0.000,1,0,1
173,1.919,0.823,0.000,1,0,1
173,2.220,0.628,0.000,1,0,1
173,2.296,0.444,0.000,1,0,1
173,2.294,0.268,0.000,1,0,1
173,2.062,-0.036,0.000,1,0,1
173,1.713,-0.205,0.000,1,0,1
174,1.347,-0.335,0.000,1,0,1
174,0.988,-0.433,0.000,1,0,1
174,0.629,-0.496,0.000,1,0,1
174,0.267,-0.484,0.000,1,0,1
174,-0.065,-0.378,0.000,1,0,1
174,-0.366,-0.061,0.000,1,0,1
174,-0.429,0.314,0.000,1,0,1
174,-0.227,0.590,0.000,1,0,1
174,0.151,0.674,0.000,1,0,1
175,0.454,0.515,0.000,1,0,1
175,0.566,0.171,0.000,1,0,1
175,0.506,-0.173,0.000,1,0,1
175,0.236,-0.390,0.000,1,0,1
175,-0.084,-0.564,0.000,1,0,1
175,-0.418,-0.733,0.000,1,0,1
175,-0.755,-0.832,0.000,1,0,1
175,-1.142,-0.774,0.000,1,0,1
175,-1.484,-0.618,0.000,1,0,1
176,-1.743,-0.344,0.000,1,0,1
176,-1.895,0.005,0.000,1,0,1
176,-1.782,0.350,0.000,1,0,1
176,-1.495,0.643,0.000,1,0,1
176,-1.115,0.678,0.000,1,0,1
176,-0.817,0.491,0.000,1,0,1
176,-0.709,0.146,0.000,1,0,1
176,-0.891,-0.187,0.000,1,0,1
177,-1.235,-0.358,0.000,1,0,1
177,-1.630,-0.282,0.000,1,0,1
177,-1.806,-0.166,0.000,1,0,1
177,-1.825,-0.150,0.000,1,0,1
177,-1.827,-0.149,0.000,1,0,1
177,-1.994,-0.010,0.000,1,0,1
177,-2.114,0.138,0.000,1,0,1
178,-2.247,0.269,0.000,1,0,1
178,-2.352,0.356,0.000,1,0,1
178,-2.260,0.245,0.000,1,0,1
178,-2.313,0.054,0.000,1,0,1
178,-2.346,0.035,0.000,1,0,1
178,-2.542,-0.069,0.000,1,0,1
178,-2.795,-0.203,0.000,1,0,1
178,-2.837,-0.257,0.000,1,0,1
179,-3.001,-0.337,0.000,1,0,1
179,-3.142,-0.260,0.000,1,0,1
179,-3.186,-0.073,0.000,1,0,1
179,-3.105,0.118,0.000,1,0,1
179,-2.904,0.245,0.000,1,0,1
179,-2.581,0.313,0.000,1,0,1
179,-2.256,0.399,0.000,1,0,1
179,-1.918,0.440,0.000,1,0,1
179,-1.559,0.487,0.000,1,0,1
180,-1.186,0.556,0.000,1,0,1
180,-0.841,0.628,0.000,1,0,1
180,-0.508,0.705,0.000,1,0,1
180,-0.136,0.770,0.000,1,0,1
180,0.213,0.839,0.000,1,0,1
180,0.581,0.859,0.000,1,0,1
180,0.967,0.829,0.000,1,0,1
180,1.338,0.733,0.000,1,0,1
180,1.680,0.649,0.000,1,0,1
181,2.028,0.535,0.000,1,0,1
181,2.368,0.519,0.000,1,0,1
181,2.734,0.644,0.000,1,0,1
181,3.078,0.781,0.000,1,0,1
181,3.405,0.800,0.000,1,0,1
181,3.706,0.655,0.000,1,0,1
181,3.980,0.455,0.000,1,0,1
181,4.310,0.315,0.000,1,0,1
181,4.695,0.304,0.000,1,0,1
182,5.056,0.311,0.000,1,0,1
182,5.366,0.480,0.000,1,0,1
182,5.618,0.749,0.000,1,0,1
182,5.813,1.034,0.000,1,0,1
182,5.897,1.405,0.000,1,0,1
182,5.678,1.710,0.000,1,0,1
182,5.330,1.771,0.000,1,0,1
182,5.034,1.590,0.000,1,0,1
183,4.887,1.274,0.000,1,0,1
183,4.984,0.961,0.000,1,0,1
183,5.270,0.781,0.000,1,0,1
183,5.620,0.836,0.000,1,0,1
183,5.887,1.107,0.000,1,0,1
183,5.905,1.428,0.000,1,0,1
183,5.755,1.725,0.000,1,0,1
183,5.514,2.005,0.000,1,0,1
184,5.208,2.200,0.000,1,0,1
184,4.863,2.289,0.000,1,0,1
184,4.480,2.275,0.000,1,0,1
184,4.143,2.085,0.000,1,0,1
184,4.012,1.704,0.000,1,0,1
184,4.187,1.373,0.000,1,0,1
184,4.505,1.239,0.000,1,0,1
184,4.857,1.385,0.000,1,0,1
184,5.053,1.600,0.000,1,0,1
185,5.072,2.062,0.000,1,0,1
185,4.788,2.285,0.000,1,0,1
185,4.424,2.384,0.000,1,0,1
185,4.068,2.444,0.000,1,0,1
185,3.778,2.683,0.000,1,0,1
185,3.671,3.063,0.000,1,0,1
185,3.878,3.371,0.000,1,0,1
185,4.214,3.452,0.000,1,0,1
185,4.518,3.356,0.000,1,0,1
186,4.721,3.087,0.000,1,0,1
186,4.719,2.754,0.000,1,0,1
186,4.508,2.504,0.000,1,0,1
186,4.292,2.207,0.000,1,0,1
186,4.126,1.162,0.000,1,0,1
186,3.966,0.846,0.000,1,0,1
187,3.710,0.582,0.000,1,0,1
187,3.372,0.446,0.000,1,0,1
187,3.019,0.377,0.000,1,0,1
187,2.679,0.439,0.000,1,0,1
187,2.352,0.550,0.000,1,0,1
187,2.032,0.660,0.000,1,0,1
187,1.720,0.771,0.000,1,0,1
187,1.632,0.782,0.000,1,0,1
188,1.632,0.782,0.000,1,0,1
188,1.631,0.782,0.000,1,0,1
189,1.631,0.782,0.000,1,0,1
189,1.632,0.782,0.000,1,0,1
190,1.632,0.782,0.000,1,0,1
190,1.631,0.782,0.000,1,0,1
191,1.632,0.782,0.000,1,0,1
192,1.632,0.782,0.000,1,0,1
192,1.631,0.782,0.000,1,0,1
193,1.632,0.782,0.000,1,0,1
194,1.632,0.782,0.000,1,0,1
194,1.631,0.782,0.000,1,0,1
195,1.632,0.782,0.000,1,0,1
195,1.631,0.782,0.000,1,0,1
196,1.632,0.782,0.000,1,0,1
196,1.631,0.782,0.000,1,0,1
197,1.632,0.782,0.000,1,0,1
198,1.632,0.782,0.000,1,0,1
198,1.631,0.782,0.000,1,0,1
199,1.632,0.782,0.000,1,0,1
199,1.631,0.782,0.000,1,0,1
200,1.632,0.782,0.000,1,0,1
201,1.632,0.782,0.000,1,0,1
202,1.631,0.782,0.000,1,0,1
202,1.632,0.782,0.000,1,0,1
203,1.632,0.782,0.000,1,0,1
204,1.631,0.782,0.000,1,0,1
204,1.632,0.782,0.000,1,0,1
205,1.632,0.782,0.000,1,0,1
205,1.631,0.782,0.000,1,0,1
206,1.632,0.782,0.000,1,0,0
207,1.632,0.782,0.000,1,0,0
207,1.631,0.782,0.000,1,0,0
208,1.632,0.782,0.000,1,0,0
209,1.632,0.782,0.000,1,0,0
210,1.632,0.782,0.000,1,0,0
210,1.631,0.782,0.000,1,0,0
211,1.632,0.782,0.000,1,0,0
211,1.631,0.782,0.000,1,0,0
212,1.631,0.782,0.000,1,0,0
212,1.632,0.782,0.000,1,0,0
213,1.632,0.782,0.000,1,0,0
213,1.631,0.782,0.000,1,0,0
214,1.632,0.782,0.000,1,0,0
214,1.631,0.782,0.000,1,0,0
215,1.632,0.782,0.000,1,0,0
216,1.632,0.782,0.000,1,0,0
217,1.632,0.782,0.000,1,0,0
218,1.632,0.782,0.000,1,0,0
219,1.632,0.782,0.000,1,0,0
220,1.632,0.782,0.000,1,0,0
221,1.632,0.782,0.000,1,0,0
